url,nom,secteur_activite,adresse,code_postal,ville,pays,telephone,site_web
https://www.google.com/maps/place/A+L+Eau+Rend+Services/data=!4m7!3m6!1s0x480145438723ebbb:0x7913eee8861a2b83!8m2!3d45.9835126!4d-1.0340515!16s%2Fg%2F11h8cg9nd8!19sChIJu-sjh0NFAUgRgysahujuE3k?authuser=0&hl=fr&rclk=1,A L Eau Rend Services,Société de construction de piscine,"
135 r Med Gén, rue du Médecin Général Martinaud, 17450 Saint-Laurent-de-la-Prée, France",,,France,"
+33 6 85 06 45 45",https://aleaurend-service-17.fr/
https://www.google.com/maps/place/Piscines+de+France+%2817%29/data=!4m7!3m6!1s0x480140c22655825f:0xd3b70636565a4d8e!8m2!3d45.970061!4d-0.9826364!16s%2Fg%2F11cmhc7mt0!19sChIJX4JVJsJAAUgRjk1aVjYGt9M?authuser=0&hl=fr&rclk=1,Piscines de France (17),Société de construction de piscine,"
18B Rte de la Rochelle, 17300 Vergeroux, France",,,France,"
+33 5 46 99 58 22",https://www.piscines-de-france.fr/
https://www.google.com/maps/place/SAINT+DENIS+PISCINES/data=!4m7!3m6!1s0x47f456b60223e217:0xf23210aa340e6a71!8m2!3d45.5252262!4d4.1211516!16s%2Fg%2F11hbk81jkz!19sChIJF-IjArZW9EcRcWoONKoQMvI?authuser=0&hl=fr&rclk=1,SAINT DENIS PISCINES,Société de construction de piscine,,,,,"
+33 6 67 41 96 15",https://construction-piscine-loire.com/
https://www.google.com/maps/place/Exp%27Eau+-+Piscine+%26+Spa/data=!4m7!3m6!1s0x47f41823ea57e1fd:0x6a7c5c802b801f85!8m2!3d45.8555893!4d4.0260188!16s%2Fg%2F1w2yyt4b!19sChIJ_eFX6iMY9EcRhR-AK4BcfGo?authuser=0&hl=fr&rclk=1,Exp'Eau - Piscine & Spa,Société de construction de piscine,"
Grandes Terres, 42260 Saint-Germain-Laval, France",,,France,"
+33 4 77 65 48 53",https://www.expeau.com/
https://www.google.com/maps/place/Le+Pisciniste+St%C3%A9phanois/data=!4m7!3m6!1s0x47f5ad7b1b7fd31b:0x851d622c2da5caff!8m2!3d45.5099747!4d4.3862538!16s%2Fg%2F11tn3mthb7!19sChIJG9N_G3ut9UcR_8qlLSxiHYU?authuser=0&hl=fr&rclk=1,Le Pisciniste Stéphanois,Société de construction de piscine,"
Hameau, La Guithardière, 42570 Saint-Héand, France",,,France,"
+33 6 30 25 51 78",
https://www.google.com/maps/place/AZUR+PISCINES+RIVIERA/data=!4m7!3m6!1s0x12cc28e41fb69b9f:0xa730644c1534a7d5!8m2!3d43.6758095!4d7.0189558!16s%2Fg%2F11f2wc5bvk!19sChIJn5u2H-QozBIR1ac0FUxkMKc?authuser=0&hl=fr&rclk=1,AZUR PISCINES RIVIERA,Société de construction de piscine,"
1300 Av. de Nice, 06650 Le Rouret, France",,,France,"
+33 4 93 77 60 09",http://azurpiscinesriviera.fr/
https://www.google.com/maps/place/UNIVERS+PISCINES+%26+SPA/data=!4m7!3m6!1s0x47f4c5ead0b32b39:0x8c1b201861e5d45!8m2!3d45.6988327!4d5.0128859!16s%2Fg%2F1td_glk1!19sChIJOSuz0OrF9EcRRV0ehgGywQg?authuser=0&hl=fr&rclk=1,UNIVERS PISCINES & SPA,Société de construction de piscine,"
Lyon, 9 Rue Pasteur, 69720 Saint-Bonnet-de-Mure, France",,,France,"
+33 4 78 40 41 20",http://www.universpiscines69.fr/
https://www.google.com/maps/place/D.PISCINES+Chateauneuf+Loire+42/data=!4m7!3m6!1s0x47f4fdbb1cc1ecf7:0x3deb82707586eee5!8m2!3d45.5277302!4d4.6390649!16s%2Fg%2F11v0gj07lg!19sChIJ9-zBHLv99EcR5e6GdXCC6z0?authuser=0&hl=fr&rclk=1,D.PISCINES Chateauneuf Loire 42,Société de construction de piscine,"
103 Chem. des Grangères, 42800 Châteauneuf, France",,,France,"
+33 6 95 57 90 98",
https://www.google.com/maps/place/Piscines+Favier/data=!4m7!3m6!1s0x47f401c6a0e001e1:0x44bc953b2ccf4e5f!8m2!3d46.1047082!4d3.9691404!16s%2Fg%2F11mxb2h6jf!19sChIJ4QHgoMYB9EcRX07PLDuVvEQ?authuser=0&hl=fr&rclk=1,Piscines Favier,Magasin de matériel pour piscines,"
137 All. des Oddins Zone des, 42640 Saint-Germain-Lespinasse, France",,,France,"
+33 6 08 54 77 88",http://piscines-favier.hubside.fr/
https://www.google.com/maps/place/Espace+Eau+-+PISCINES+HydroSud+Rochefort/data=!4m7!3m6!1s0x480141aa31282d15:0x14e43df672f6d6df!8m2!3d45.9483811!4d-0.9884899!16s%2Fg%2F11pg3q35v5!19sChIJFS0oMapBAUgR39b2cvY95BQ?authuser=0&hl=fr&rclk=1,Espace Eau - PISCINES HydroSud Rochefort,Magasin de matériel pour piscines,"
95 Rue des Pêcheurs d'Islande, 17300 Rochefort, France",,,France,"
+33 9 54 01 11 71",https://www.piscines-hydrosud.fr/magasin-piscines-hydrosud/342-piscines-hydrosud-rochefort
https://www.google.com/maps/place/Piscines+Ibiza+Ch%C3%A2teauroux/data=!4m7!3m6!1s0x47fba76c5105bdb1:0x90c0e2df5c6f4a82!8m2!3d46.7964289!4d1.7300192!16s%2Fg%2F11f_p2r7f1!19sChIJsb0FUWyn-0cRgkpvXN_iwJA?authuser=0&hl=fr&rclk=1,Piscines Ibiza Châteauroux,Société de construction de piscine,"
All. du Craquelin, 36330 Le Poinçonnet, France",,,France,"
+33 2 54 22 47 10",https://www.piscines-ibiza.com/nos-magasins/magasin-piscine-chateauroux-bourges/
https://www.google.com/maps/place/Aquilus+Piscines+et+Spas+Ch%C3%A2teauroux/data=!4m7!3m6!1s0x47fba8ae5b3bad07:0x3af40eeb45cbc57a!8m2!3d46.740338!4d1.790259!16s%2Fg%2F11c3s960kx!19sChIJB607W66o-0cResXLResO9Do?authuser=0&hl=fr&rclk=1,Aquilus Piscines et Spas Châteauroux,Société de construction de piscine,"
7 Les Loges de Dressais, 36120 Ardentes, France",,,France,"
+33 6 85 70 06 95",https://magasin.aquilus-piscines.com/117-aquilus-piscines-et-spas-chateauroux
https://www.google.com/maps/place/Magi+Piscines/data=!4m7!3m6!1s0x47fba735d9401657:0xc032143c049d7f21!8m2!3d46.7974433!4d1.7267486!16s%2Fg%2F1tfnsc6c!19sChIJVxZA2TWn-0cRIX-dBDwUMsA?authuser=0&hl=fr&rclk=1,Magi Piscines,Société de construction de piscine,"
388 Av. de La Châtre, 36000 Châteauroux, France",,,France,"
+33 2 54 08 08 65",https://www.magi-piscines.fr/
https://www.google.com/maps/place/Everblue+-+Tourat+Piscines+et+Spas/data=!4m7!3m6!1s0x47fba0510de4e885:0xd02305993507ed41!8m2!3d46.7810954!4d1.655915!16s%2Fg%2F1tkjkkjn!19sChIJhejkDVGg-0cRQe0HNZkFI9A?authuser=0&hl=fr&rclk=1,Everblue - Tourat Piscines et Spas,Société de construction de piscine,"
91 B Av. d'Occitanie, 36250 Saint-Maur, France",,,France,"
+33 2 54 36 76 61",https://www.everblue.com/concessionnaires/everblue-saint-maur/
https://www.google.com/maps/place/Sanchez+Piscines/data=!4m7!3m6!1s0x47fba058ab1e337b:0xdab53c0e2d2d5e0f!8m2!3d46.7875343!4d1.657731!16s%2Fg%2F11b75l1xqj!19sChIJezMeq1ig-0cRD14tLQ48tdo?authuser=0&hl=fr&rclk=1,Sanchez Piscines,Société de construction de piscine,"
62 Av. d'Occitanie, 36250 Saint-Maur, France",,,France,"
+33 2 54 34 09 41",https://www.desjoyaux.fr/boutiques-desjoyaux/41200--pruniers-en-sologne/
https://www.google.com/maps/place/Piscinistes+Associ%C3%A9s-G%C3%A9n%C3%A9ration+Piscine+Indre/data=!4m7!3m6!1s0x47fb0dd74e375317:0x43b6f2921425a16!8m2!3d46.904913!4d1.644922!16s%2Fg%2F11sr40tc92!19sChIJF1M3TtcN-0cRFlpCISlvOwQ?authuser=0&hl=fr&rclk=1,Piscinistes Associés-Génération Piscine Indre,Piscine,"
Zone Artisanale Le Petit Souper, D956, 36110 Vineuil, France",,,France,"
+33 2 54 25 23 01",https://www.generationpiscine.com/
https://www.google.com/maps/place/Piscines+Ibiza+Bourges/data=!4m7!3m6!1s0x47fac17bbb2a6d85:0xc94f7a70f4e7c96c!8m2!3d47.1408523!4d2.2449098!16s%2Fg%2F11tx5h8gnd!19sChIJhW0qu3vB-kcRbMnn9HB6T8k?authuser=0&hl=fr&rclk=1,Piscines Ibiza Bourges,Magasin,"
ZONE DU PARADIS, 18500 Mehun-sur-Yèvre, France",,,France,"
+33 2 59 16 37 04",https://www.piscines-ibiza.com/distributeur/pisciniste-bourges-mehun-sur-yevre/
https://www.google.com/maps/place/Sarl+EAU+ET+SOLOGNE/data=!4m7!3m6!1s0x47fada49fb7fc179:0x2f896b1daa9a81a9!8m2!3d47.1950914!4d2.180651!16s%2Fg%2F11b6d5bbd6!19sChIJecF_-0na-kcRqYGaqh1riS8?authuser=0&hl=fr&rclk=1,Sarl EAU ET SOLOGNE,Société de construction de piscine,"
230 La Landette, 18500 Vignoux-sur-Barangeon, France",,,France,"
+33 6 12 80 94 39",https://www.eauetsologne.fr/
https://www.google.com/maps/place/S.o.s.piscine/data=!4m7!3m6!1s0x47fb8fa6ff630d41:0x2b4d745bf9350720!8m2!3d46.6352081!4d1.408791!16s%2Fg%2F1tjt193m!19sChIJQQ1j_6aP-0cRIAc1-Vt0TSs?authuser=0&hl=fr&rclk=1,S.o.s.piscine,Service de réparation de piscines,"
9 Av. du Stade, 36800 Saint-Gaultier, France",,,France,"
+33 6 08 97 37 58",https://sospiscine36.wixsite.com/36stgaultier
https://www.google.com/maps/place/Woestelandt+Piscines/data=!4m7!3m6!1s0x47fb27bc545bef61:0x4bbb712f6ae71ee0!8m2!3d47.2498554!4d1.9585032!16s%2Fg%2F1tfk_kkc!19sChIJYe9bVLwn-0cR4B7nai9xu0s?authuser=0&hl=fr&rclk=1,Woestelandt Piscines,Société de construction de piscine,"
Route Départementale 2076, 2 Chem. de Launay, 18100 Thénioux, France",,,France,"
+33 2 48 71 29 10",http://www.facebook.com/woestelandt.piscines/
